VV,VH,smap_am,soil_moisture
0.6483646744315964,0.2852260621742655,0.3865462655854829,0.435624164056172
0.6452776713706355,0.4277675480924725,0.5076381632066226,0.5528343176567342
0.5641436401252257,0.7913061672353165,0.032758970141089194,0.4982152813316961
0.7422708136060356,0.058788472187312424,0.7977653921903566,0.49939990869427703
0.9557522026921507,0.11043980160120781,0.7312999129378174,0.5794753520866156
0.7758438502337347,0.4572567166482133,0.37867450696894445,0.5873955712255885
0.7366145848566207,0.9550401804617346,0.17456478149394006,0.7119062938983938
0.5257183972695144,0.14818054301599892,0.2882937648090006,0.27299492551938903
0.3174601174536583,0.3812638197792203,0.543366464235233,0.3922835261724795
0.029509682618642508,0.6185024893307196,0.34127781105178756,0.27768242930603415
0.9738439088452895,0.5081585786672261,0.4834653080127762,0.6768261465024872
0.10549508728024715,0.31567341087529266,0.2531421757441288,0.2187801109035019
0.035279936712306226,0.5033472553262566,0.1899020816826581,0.27368961667665365
0.644443911366423,0.4463048834538005,0.8254597408174917,0.6140693981849027
0.6974436666678601,0.22453298271952382,0.5499285411510336,0.48722541182897733
0.8950853602544575,0.695710648448849,0.9102794678512695,0.8324181699319888
0.6850117759150722,0.11468478081023847,0.613215312840633,0.43560924139120727
0.01680618960485447,0.7959595902735273,0.8069939638120067,0.5119511716120065
0.11707410814578456,0.40015961828788715,0.22022069400146194,0.2428590341362093
0.3808815194208184,0.5743533334762405,0.47967526115759296,0.5022832892979702
0.5536182827021813,0.8856955964494051,0.1335175259824054,0.6304096381130886
0.5848473053317419,0.23182325150452776,0.9787582700561146,0.49819432665771957
0.8056180582148237,0.8748137921175041,0.6366776717316007,0.8294541975320224
0.19128545678802011,0.49501215226842266,0.47077285772529975,0.34007466457572355
0.2905895895800529,0.5032164261584392,0.9024964356846715,0.4929342251220299
0.22060074204224145,0.2483007569578839,0.5597907759496921,0.3125566805658306
0.791630646867351,0.24666694300911374,0.610804954575989,0.5270568297309429
0.3744801165907685,0.06850010018081965,0.9185851009144609,0.3420857331886503
0.16850284982782648,0.6637378493176559,0.26301909899866804,0.4032090516274567
0.08799544515235802,0.7174989696980699,0.21525253561844826,0.3352788623478394
0.9293850988308886,0.36722317772713897,0.25453203391872825,0.5484448625401077
0.6802205568662711,0.0630319120272087,0.7423283455347556,0.4748374183577916
0.41526849982552194,0.9159740015961729,0.30255825325202224,0.5948813872393989
0.7247041108016417,0.4596011684208089,0.29175393675353856,0.5128928037083086
0.4872022268178736,0.8727367675161324,0.7011208614677022,0.6858792977011896
0.11197429464064979,0.38441594343245233,0.09119307790994202,0.21110259954944458
0.9836049940465447,0.4701439843971954,0.47097390613589496,0.6881660499573045
0.26118218605671784,0.9900193621456829,0.5414803636341529,0.6052504818658636
0.11770459966715463,0.705179758804117,0.8501788459586038,0.4875534905364046
0.28709837570424557,0.5281881915178472,0.6713210893580916,0.458920851056288
0.47776581758401226,0.8901046382108015,0.7682224444742058,0.7205389731525313
0.3218991779864373,0.8242648012980813,0.20037814516828756,0.5073033078684939
0.914351479475913,0.08201749762269972,0.7850655028013287,0.570986865028928
0.8240737602310811,0.5932562330492375,0.9865246505350103,0.7719180128153167
0.5920941606484517,0.7570231212986728,0.2523216353871408,0.5419563647422743
0.4855868278417108,0.11854490472969437,0.12839360760945262,0.2706639773664237
0.840096617241537,0.6451437153201846,0.4165569827916432,0.6841520632354716
0.03199549886268904,0.6727403196556704,0.9533976940230291,0.47388141566998304
0.6879071555053025,0.36167612013649286,0.1872415743227287,0.4307664076890369
0.7436212883493687,0.2123178876653644,0.6971410779533672,0.5159497491400414
0.29134168589255804,0.5607882070117796,0.6924679918098116,0.48736007505151857
0.3385093870746154,0.4515260425720501,0.5087526303133544,0.3980288048188028
0.6588245861545635,0.7350167180464017,0.7307489516034119,0.6882316825402581
0.6652417896999759,0.23444348895225908,0.986408758269612,0.5626173367380298
0.7630691331814317,0.9740823663649267,0.9875753924433331,0.8647077302500885
0.7175037617627565,0.1138102331592189,0.14033223593135802,0.36317221170464636
0.9951419258442061,0.9709992017166451,0.9679210021460637,1.003781605376154
0.5074860383921561,0.19917500957898582,0.6325429378760365,0.3819318003069616
0.04829773459648801,0.4338206207090627,0.805348227093346,0.35077916451913543
0.9078716348481323,0.48726897902935196,0.5802759900016667,0.6567320120884258
0.8857905431184765,0.8819164743570296,0.3100262809586656,0.8014739715126196
0.19099399284621343,0.6528570447455008,0.6823708725597358,0.441249330898566
0.020765015939334774,0.3092820517439734,0.46646979893804663,0.1999183599896754
0.3453579839079284,0.736580795490373,0.37573291299975087,0.5209103563221555
0.01370430169414183,0.6144951823895518,0.9799944739131382,0.4737319858244053
0.7222033947400266,0.5214147138911698,0.25330645097276594,0.5402472030486719
0.8686730558658081,0.1831421273452719,0.3815972782013176,0.5080031760154502
0.5447656164889015,0.09995051833049862,0.11047713060858055,0.29832389232563206
0.45158791469268855,0.6573005719812636,0.6457803120262541,0.5504815690131847
0.28373671251364074,0.022653124322681073,0.04001031349279538,0.16741877724322327
0.9139586990207825,0.9388524332586199,0.5171230167606754,0.8464948607693786
0.7743671486941812,0.7910590296826869,0.19246220641520495,0.6736972615443069
0.634051494696529,0.1779024993666094,0.5356204339894666,0.42198651778864316
0.287615050099598,0.2879126334786133,0.8737702820502065,0.43749026991492707
0.9474888227176375,0.9880753766947374,0.2652516074887754,0.8704403687703812
0.258614671033617,0.6422865390621247,0.3354329829859021,0.4353675040631315
0.257058937447467,0.8299947210018768,0.6507803799746461,0.5599578487999098
0.6629850325745327,0.9000439992925221,0.7447885324786807,0.7734853551874225
0.7729578046337864,0.8258770128768079,0.6304086628567181,0.7595200824174427
0.462516689933663,0.6882178364673308,0.7707836155185666,0.6142709294274665
0.4673098462695294,0.8853208051384931,0.8065492293450931,0.6953178559214277
0.6806870348333449,0.5829173879038027,0.9505942094974605,0.6961176364469028
0.15515474812459562,0.0404752064872923,0.7905969607047714,0.2565383043716761
0.21868337087692125,0.7724235350458913,0.6525971724129603,0.5120354975357149
0.4023086990915494,0.5992306350726339,0.8435450515953176,0.5867141341039076
0.9640838081363505,0.053788841369265095,0.5297475058716324,0.5265585837621551
0.5271244679855789,0.48086995842802027,0.780832954167823,0.5515471848868251
0.46348784315176783,0.6431451731657469,0.5756927297970101,0.5686242216093341
0.9794604572300578,0.3897947223476532,0.14249143103915007,0.5735691333641919
0.8459397798522275,0.4486378402479808,0.767004804140792,0.6746515966161144
0.08271444081270507,0.8074887560530626,0.8771795515824999,0.5186286122852239
0.25983603605421457,0.01390152794180688,0.6822304447961104,0.2526480799287457
0.977158473821128,0.4262399910311938,0.5619998526771638,0.64617410146759
0.611234850948815,0.3371474781160648,0.44388957126497075,0.46092633098622265
0.5045239386110915,0.7776654591682837,0.5187925902254708,0.6586634992037402
0.11129398232384136,0.9414213324325642,0.683194451432472,0.5685263635655867
0.8727291843823137,0.294304251402834,0.7598488134035215,0.6303367383317847
0.4329052682056189,0.6933611611894577,0.7375661887937078,0.6125735194581506
0.36185920487731493,0.5007867495383045,0.22503809356266713,0.41821962780224736
0.7182798998367999,0.13356511870174115,0.622498636082206,0.4877666429688839
0.2758834079809229,0.4009030435431048,0.4912555249719438,0.3834900721532185
0.813841341511322,0.7682167734144694,0.8438336683984639,0.79072389294727
0.01207032590896584,0.25928380335857637,0.37075649451137715,0.18087264219003676
0.5614748390717835,0.23385367064373652,0.6511864148350544,0.42623929329668897
0.021998543720121666,0.2639283221901214,0.1931827404992652,0.1691446330271588
0.5190527426305986,0.9075995964334467,0.5361655159020711,0.6951949722688946
0.17086835088155827,0.4119015783412683,0.2452494785810143,0.24902121527003634
0.09382644800324691,0.4130546913662313,0.19831182445777418,0.2664650513356298
0.1995620870532796,0.9169223874496235,0.2616691309904585,0.48086635796762334
0.0691725462979671,0.028836377473591357,0.5928473218882984,0.12210131813744649
0.025987383984228507,0.531587592197696,0.7068226711107206,0.3485622451118005
0.45035445605844504,0.5818575749424503,0.34051409521918463,0.472484176039411
0.8342249648855662,0.27764455946980526,0.5492455816985755,0.5708032437812112
0.22856020820954692,0.826908655598366,0.3261331874582092,0.48304783713284133
0.6369893722810989,0.9563449645250156,0.1768727621620052,0.6554802595197972
0.5199641519595384,0.9256848313668218,0.5441947100482613,0.6556346791993031
0.1269362002122747,0.2852345804426145,0.38409183904535105,0.22394042140863601
0.4203340163090613,0.7440003735721774,0.297726400451619,0.5090002970342115
0.20893962079079287,0.852536059100873,0.8259094519445501,0.5814648350658442
0.1296054165199262,0.46142879954443294,0.7550271782727508,0.35252430863319867
0.42312633398500465,0.26807740048625406,0.9272364210045207,0.46683008829151096
0.2270615370799094,0.33857995336929714,0.8139015391068478,0.4074160400039378
0.4701610006629928,0.49613313815968596,0.12461239312381622,0.42229661170773725
0.9339134719724739,0.3384565594474406,0.01810756366858024,0.4972398339131212
0.14889696648226536,0.5532324331101353,0.5317594086905116,0.3691218736294796
0.030253210575483025,0.9295010177695789,0.2576548156983769,0.42563967064573355
0.27844458739650757,0.233515802331283,0.09760241192920216,0.22795480786798736
0.5173731729544664,0.8576126240198363,0.43634636612316313,0.6603720550409737
0.5338461185655526,0.9681597062318392,0.22777276385405898,0.6653521533104377
0.2010324295794551,0.43485691910581425,0.2800201983150886,0.3075400287562602
0.36347973374105436,0.9131198739789799,0.31711505636381077,0.5924764703781109
0.7661338404276061,0.08180221297968815,0.9314514109573451,0.5273664750306403
0.2538817852205082,0.32025408136546385,0.7985368780403596,0.3921477344794846
0.47832989420681804,0.21528170321929863,0.21775413736574956,0.33935248996352285
0.7996920494598564,0.26918703405115385,0.6426290640062529,0.5557285195373942
0.8474687765649146,0.4093618840424831,0.08004472970195442,0.5166140254084343
0.16269598181481448,0.10407117802160015,0.04689435820382948,0.12022235473009338
0.10360360520788381,0.3881157350121167,0.300414556049589,0.2496304484536136
0.45929127552913696,0.06884166900354172,0.5743636456458863,0.3461897111525812
0.24505466851850521,0.6630606846940941,0.5284032573792865,0.48120844042223976
0.5194844211053512,0.11072887658614006,0.9213205246721201,0.4168305754943073
0.6334810250581713,0.751088298291685,0.04403568181804529,0.5499772376472466
0.20761128402326234,0.3502414023071001,0.5742735326437023,0.3333698909383856
0.39076882016470926,0.39017731300956904,0.7578496853017666,0.443958716939111
0.22269708231669993,0.7154655424377901,0.044240982694163544,0.4312782367219429
0.19842462334790156,0.9999739153974985,0.6289630545820285,0.5889082266442638
0.7049153543534946,0.2699819551177238,0.16174326097881286,0.4008223195045485
0.24811161487882216,0.7054708469504654,0.8994582891643735,0.5328514875380029
0.1480573045368747,0.5490549362899974,0.16349318564222515,0.3229135848510178
0.957062838214522,0.683209029583327,0.6357787275721742,0.7840325923430173
0.0013557251036511175,0.5211840940492646,0.912474564029848,0.35736801249595973
0.8410061746264889,0.9975508282042328,0.43027846742344433,0.8161335626089306
0.14916396517894903,0.24580172236786468,0.28432845799578854,0.21878670264079575
0.3365381523248322,0.5149445782056512,0.3678599825088741,0.4489293442970035
0.021563012888260458,0.1606806926493881,0.4570133866515751,0.1486734021775277
0.7673508747945116,0.9693698803940992,0.3963780742025391,0.792448617135173
0.8559703629636409,0.7481902538019783,0.5263532670398703,0.7548772153630886
0.0798757875877637,0.984281753297899,0.33689058240700565,0.515096585117937
0.38194046453588193,0.07675252476873018,0.22727321650678112,0.2120029288028783
0.6754774438014586,0.7247638491020523,0.6506247941833079,0.7056811709200457
0.21712981192275815,0.42855086421193644,0.5701003377005792,0.3812092901412085
0.5430424779090225,0.2680274108533294,0.0040160245227957025,0.3411054632331823
0.5605601570757762,0.7658428246450408,0.6216740610085303,0.6573202021659436
0.09768285242678887,0.07599938949046414,0.810503383705319,0.2340174265029363
0.455794240959999,0.6297321705530114,0.1301239157246309,0.4494076980655144
0.3097573077858612,0.5006617400872272,0.3183069755992668,0.3820879723517186
0.5061451306942725,0.5700656929408711,0.41693592411072566,0.4815595476971942
0.6242989916856201,0.7650069336611944,0.9619239328555075,0.7225204356720245
0.005483752242421813,0.054312894480615714,0.6684082490430717,0.16007065969637127
0.2711803781138067,0.0766955487493719,0.4710068591130977,0.2448293728508637
0.1509692816500774,0.8106660696483858,0.023836504677224424,0.36820458867671435
0.5590330810499592,0.4031391214704574,0.3314088572163537,0.41208561123759335
0.7758403660959352,0.3404274735759788,0.05490642551366598,0.44623647450274756
0.8803868127375587,0.8007335516401454,0.5670501397543086,0.742447461135506
0.585043146686816,0.42955969980033937,0.9654197687761197,0.5944538311454151
0.5010201862070788,0.22689784846107308,0.665085576454302,0.42587016191085386
0.6026383908997953,0.8156624543829287,0.8076275223112102,0.7296650247987501
0.789662795395497,0.36328806044548645,0.8487680385434052,0.6738781736469095
0.22093247695912044,0.6361872516904016,0.7212096149945567,0.5142820263552093
0.29472909725758667,0.5683497627940826,0.9871572639950947,0.5447046601853911
0.6747340544414443,0.7312849249782876,0.35357426038663586,0.6347208094271732
0.6659444251976941,0.18603942279297792,0.01844811051155948,0.33932686515805016
0.9189296484673832,0.3534369313872816,0.6936533181682856,0.6814283130117691
0.10846395684127963,0.440740312706684,0.5364616339677927,0.3413461559922294
0.2554689444695373,0.029231231200799623,0.14412035149028513,0.1459205591190807
0.04517584136965591,0.6506462843296543,0.045851138378827594,0.32385939044758005
0.040402001355780204,0.49028405043221845,0.5698560435439843,0.33301212287624415
0.36139785713587824,0.9200227508395572,0.31682874352448687,0.5678342469239931
0.907524066174119,0.9656724273221363,0.4158156231709367,0.8180935794671014
0.9609928901685079,0.21038809754287158,0.4763080221439212,0.5705619121992115
0.7060188576008112,0.7335036746064404,0.7603540591322447,0.709498305157059
0.14200765163149898,0.8202420818705393,0.7601246063019184,0.5458273092599168
0.39062205265073835,0.6609574059244817,0.4873059280982024,0.49692933565253516
0.6482686531813101,0.5955480326117667,0.07795242165068295,0.48439927786643955
0.3409818271321461,0.0537504258952336,0.975328951419798,0.34125126688021074
0.35170342984375924,0.4192713274622134,0.5832265490606684,0.4123679888363574
0.44528130343243666,0.07753997930767198,0.2652166784392038,0.24529894924607248
0.7241236062284582,0.45153570128388965,0.3579572395945173,0.5196280666942809
0.29670366812197535,0.45970482814372104,0.7787761785285355,0.40502734627341225
0.17516784294454013,0.20309755708078214,0.5784347370831788,0.23329539629012008
0.946741952783853,0.977273058398059,0.3502549641650504,0.8974794597422925
0.019429406975862706,0.8964558322544717,0.24503138899750565,0.42095271470306994
0.4595093405107249,0.517173496472626,0.14931738410362994,0.41215918025931764
0.9199705794208198,0.7129260122018335,0.7483689212347481,0.8010507430524483
0.6571446245057401,0.5831678168328629,0.6412212284591743,0.6226250312665755
0.15465038413922894,0.6100651172150862,0.8353460379110828,0.460694134484919
0.8982466511776236,0.8016385389536702,0.46837478736447047,0.7944270603432937
0.37476666740842357,0.12982883040599713,0.7235925272671347,0.33508456725923813
0.3427552155362181,0.1989321989628594,0.24237199125944198,0.2711731233036598
0.76290442275675,0.2022342322811741,0.4491976510855127,0.4619207451174391
0.4340499557951921,0.6731534800147979,0.5612152426319111,0.5416754951042471
0.8945851785742189,0.5417431466614133,0.15892206132226927,0.6005306269813168
0.805377233427757,0.16032658842467185,0.25977484763302094,0.42263032149215674
0.9227976512534538,0.9206534304574175,0.9344544400828843,0.9082653544756031
0.9869443138573986,0.490083824020459,0.44366644674998423,0.6799867646218203
0.6988151479666057,0.09218866020302108,0.863031227212716,0.4903563942666038
0.7133876819111141,0.4451128183587967,0.9286460199710099,0.6641840528920638
0.086252721519809,0.6954005011004625,0.5426700441327084,0.40020756114131595
0.5971830784583727,0.22506288277884934,0.46526488140172195,0.40144640218382804
0.7634179083889601,0.3990036386877419,0.9979137810461952,0.6677771772801828
0.8604824379493855,0.8592305170199215,0.04211287855024459,0.7344455180014552
0.4008534838422263,0.2733544704897042,0.37807466352122454,0.3479993993072691
0.09523933025489428,0.9466531113557175,0.3782681385691383,0.49866084604596755
0.8188824736394575,0.6982766311225856,0.7130808084269753,0.7572596093535985
0.6857134550864411,0.2677074005782577,0.051613114228709844,0.3939886323984801
0.23421139449333828,0.7862899734325635,0.6032628149110428,0.5071405731176082
0.9535507162279118,0.8857155272998712,0.5030364793823068,0.8090731662585091
0.541361650091464,0.4503839728837077,0.9727736507411876,0.5978732707971389
0.11682161385418144,0.6299404228607577,0.8852483890314593,0.46840757954015877
0.43960180253625214,0.3902037046560921,0.4044155957262149,0.3899687732710113
0.9234505090665551,0.37561230070463114,0.8769470062617724,0.6828408619816031
0.888886160116699,0.6355171662037062,0.6198546744056436,0.7232455837999506
0.0893870474133146,0.6210753718222054,0.5845913255570857,0.4089656192948797
0.5781106776448546,0.04730091653892987,0.5242381419162604,0.36506215359952426
0.9408777831960187,0.017850307035018664,0.014480473616896972,0.3668024855044276
0.8432707457096706,0.622041038812798,0.4756378336892063,0.6845893711651316
0.8315761228424198,0.7700307083850308,0.7815925454525825,0.8345483224361216
0.8262382705789768,0.4041683264237793,0.9760977492454561,0.6971549195706913
0.39225797501167137,0.5578537524964675,0.13256576050856217,0.42365674978677503
0.47168059523487527,0.6078940404159087,0.4986117549714213,0.5294127379504583
0.9401485821831311,0.269653316909676,0.26070439965372794,0.5408512614696772
0.6987860425523559,0.19511920658990312,0.03973861528586731,0.33821105379661465
0.9203447889978098,0.12668058792341963,0.375670166633027,0.4866899092552105
0.544351860281499,0.044003440449913,0.7140405708855163,0.37672491135523933
0.4723874337588546,0.05349946368744407,0.9104819984375087,0.4094771883188116
0.22048539858391802,0.587777136069517,0.38162894244840084,0.418923310546611
0.3162579172676657,0.2641257412623558,0.41584581009214006,0.3373800129155055
0.5150579359441769,0.6585555190569315,0.00010315592387022399,0.5095095561041105
0.5412259556048306,0.5705414874978235,0.6582102823654341,0.5886107550197504
0.656346508923256,0.7813142863301117,0.5336746332705293,0.71214715219898
0.34240115429760043,0.6603802622732915,0.886504876161846,0.5848742011199928
0.7002974221535277,0.22168050904917758,0.9211139103081462,0.5515134268036876
0.12381788810585193,0.005202859601482035,0.33459579720705834,0.11923540746033746
0.774633113697955,0.04633170943168852,0.7889106156331073,0.46713574498037447
0.7493829212518738,0.6302042825086609,0.9868200732355796,0.7785436494861812
0.9364574591524929,0.5378527349746041,0.44507660183164444,0.6376822442769815
0.21988903239734636,0.9158876353230393,0.598742447613745,0.5816087101814555
0.9067587783420432,0.0024543766824329794,0.8702262813771106,0.546090717281736
0.6062609481701877,0.21356278279024032,0.5781358939029453,0.4313188944565306
0.7816538017999213,0.3884228384458801,0.03659923346490668,0.4741223555056194
0.831683177491187,0.014472133652520314,0.633743440084694,0.48496351021583295
0.8891412416199851,0.12696629041945873,0.6186211172621637,0.5265472437858
0.7438315108637186,0.20197919087360083,0.7963749815165483,0.5299793939067312
0.7164825841228031,0.9788213858093782,0.10709293672362918,0.7191423681012757
0.6073920447844279,0.3043375750990064,0.9310537585874692,0.5567844195305681
0.24301908625311508,0.7778892223972245,0.7043656753666218,0.521047669802465
0.052419143663310575,0.8496597174698166,0.7476982835637921,0.4865722133699824
0.6596539820366121,0.14484267410605567,0.3567770563535423,0.3868581395727827
0.728845085053698,0.4204323203091104,0.8781253902881065,0.6162640549908414
0.4585339028950335,0.2727627878871932,0.2744097037038883,0.37905468608750487
0.024788023002688564,0.28580262904961307,0.4911523939860589,0.21676341427445703
0.42551176661966583,0.26690845973005717,0.014108762029595545,0.2543240038324593
0.07002083771307177,0.8303566876096196,0.06245059932510033,0.37836441523792214
0.8858232509100155,0.5220177046626432,0.2695212351863925,0.6196990141043907
0.18724730017524083,0.6945893377097847,0.41208684080579194,0.4633611127207368
0.8195085397816423,0.9271114181871349,0.3057070771382121,0.734524249718174
0.5320225978876717,0.7003259948184987,0.5173157136181173,0.6135896350836548
0.8887484523007669,0.5687749694755209,0.951597402257524,0.786501853237509
0.01649232384089039,0.47723981341158705,0.7707568559965644,0.36070060257976577
0.12090054973705378,0.33600451545172794,0.1380761568608313,0.2033782337485409
0.6358203636638782,0.4064423755809886,0.9508357208985476,0.6019591822659615
0.09434108927348606,0.67662661719932,0.5703588722679971,0.42832620865151766
0.6335498547485593,0.5182638792671983,0.6269420757513682,0.5856017166227648
0.8551568813946582,0.6479547081739241,0.0007709121218377746,0.5883805461865648
0.6606524887851735,0.26959979327575445,0.6072163587739281,0.4642404474094477
0.8067714116613965,0.308852512285099,0.17759525591263803,0.5029443680445552
0.05767685592450866,0.3892198357919956,0.17384219752651897,0.17761858105726272
0.9163360156522499,0.4402583814535398,0.2083849234328099,0.5893731013439233
0.6429922499994996,0.329997678059606,0.9774054639245741,0.5906487902889914
0.30235232468502815,0.8696643369921533,0.6807297965848892,0.5862766301846148
0.02758130250994506,0.15898664559369036,0.5443195186868836,0.23546582012270095
0.5727170833856088,0.4168227620228002,0.02590059181404203,0.40265406066254955
0.8441078226903581,0.37488783254598,0.6562790535118133,0.6240099905531822
0.3632424905688072,0.36729554615331195,0.2772568046673062,0.34828262338414506
0.305299473055352,0.7160089162111998,0.9859869783837446,0.5809325828220302
0.4361682349908492,0.258214056660545,0.12454709708762701,0.28568798196686557
0.03602058376831829,0.5822775384888356,0.5326867044010419,0.35240089910627764
0.2945627995289617,0.5593856327780935,0.6702394571330565,0.48591467607878874
0.8807089187885406,0.7304585003435637,0.32553049758318553,0.7012434043032801
0.6078392421219271,0.29475175545434196,0.36503648550952184,0.3951153122831219
0.09517764537890938,0.8451643293661386,0.5465224534221675,0.48508085195168915
0.3600822601726661,0.08615725071428004,0.5327862267050142,0.27865885190869716
0.5936961938937169,0.17438341690054038,0.08238135878135688,0.32992357076735723
0.7433321713414544,0.436918067803275,0.34813563975180495,0.5556143780167627
0.21580926082112895,0.02813484571358793,0.7678218092440131,0.2644400095331901
0.7651841207424294,0.01197871907321768,0.6680703564578451,0.43207982156119634
0.5705098406809159,0.5246607999597558,0.26274150510361083,0.4944893510346275
0.6890073673773107,0.09748728907854198,0.813226493343228,0.4794141319941707
0.624495427011672,0.41710787994995013,0.3323826966179275,0.5099901322780627
0.01969772331499875,0.8779286555387754,0.7787451754241639,0.4996655309805291
0.7083494248569204,0.30166053981957586,0.3544736737480122,0.4959477517981381
0.4737591772345462,0.7300228006041194,0.5126445322854334,0.5689753186412403
0.4203432840781436,0.5053966754731416,0.800460737197894,0.5137292723835525
0.4913443182698769,0.12608176891115064,0.27733464283532094,0.3213711180560226
0.41728570137295984,0.3043565135178552,0.3754208747538831,0.4064673176211834
0.9436058449495663,0.9463412487637028,0.6649760236838188,0.8909843487046338
0.08692710454525299,0.028984804610903914,0.8755303029108576,0.21005068576016034
0.6150530799448822,0.613214222806528,0.08274073384234581,0.5317796068244318
0.10304477818063928,0.23184576556805303,0.5731754118001675,0.29519837195897813
0.9533210395764807,0.5073851320250934,0.15866895884375976,0.6374862581822998
0.25930490596803313,0.27289368763517663,0.2633843800826863,0.24157638504352336
0.4757183609085255,0.8229218334123349,0.03681363485535327,0.516056718550716
0.6476978566992362,0.9869246127555532,0.07957651191584425,0.6692476494409485
0.7785444959973871,0.9979901682349057,0.7788968419872325,0.8977094682850459
0.21677972871222073,0.12570322970946646,0.5997444082125045,0.24787505303297844
0.9953203753863737,0.5656599674028069,0.35467403057217106,0.6558849401586299
0.39168510642535814,0.008413181007272952,0.7160875070357534,0.28162726727677534
0.6118691014844979,0.39244979638300403,0.5663309297413038,0.5015675901989104
0.8215202437431092,0.39589012974832727,0.2898895763346109,0.5363358547281827
0.43993651516822485,0.44091093864315334,0.5270643583351028,0.4675532974777171
0.4776298737631737,0.5888734676926629,0.12507821896829285,0.45275826567900623
0.9510557589692478,0.8464701441395898,0.06652781349512693,0.7262914233567898
0.92588045983296,0.3330832799376039,0.13657867330435236,0.5407234178448386
0.5289498907316769,0.34875710833846874,0.20646414233572707,0.3917839891592336
0.07509906780772502,0.6924206683953728,0.9040337486357013,0.500527888520374
0.9406161230255942,0.0652227518108589,0.8493917468019311,0.5981714539446022
0.29043716172246525,0.5319667567097358,0.9458353670413493,0.5154614953274181
0.375832223120803,0.10084188873435007,0.17948992544912246,0.25593148860500287
0.798403529862339,0.5392194209108765,0.6774479433356579,0.6917389599398559
0.05814392294602366,0.9577812309394276,0.2938305105246759,0.4623698982067996
0.9275028120944567,0.888123316423911,0.05021986352518759,0.7139149633555468
0.5375466950628799,0.6744595573579667,0.4560184751291686,0.5624627266374139
0.3005104026414095,0.21993801072268204,0.3507007648524867,0.2448479054108586
0.30782634316268176,0.4660893260412655,0.4381112063296271,0.42991316673962227
0.7988200217482936,0.03570286494646646,0.16875274566790488,0.4021991483799727
0.24580569946559583,0.19734618907221946,0.6316437850426976,0.29343466387060524
0.4457441981413943,0.6046647870540139,0.811571670778583,0.6163967066197871
0.7064967833900475,0.2176268562595015,0.7666125921632996,0.5273436772293925
0.9045764953426806,0.14384920962286118,0.4006921367152285,0.522473373023979
0.9335488245332757,0.4217689836662242,0.30190964906575735,0.5712799386270419
0.40541769057893307,0.7704540204082171,0.6564805273461684,0.6120854313493007
0.7323616094214906,0.011079515943945406,0.006284295232582893,0.30045449657656437
0.8803544068492652,0.12164482764055617,0.3026572031534417,0.4720174589410965
0.6298232928576438,0.8281546422007533,0.47202117740772165,0.7052793727722803
0.3614223305787069,0.6131890587482339,0.27829704035951996,0.45151958136563575
0.514046275815749,0.3638902118302416,0.23209828578584313,0.41311196818549134
0.6329597622867438,0.05088357540000543,0.613159886791434,0.3819702588312848
0.23170391140612645,0.15835924804308488,0.09513904837668219,0.1784918864884445
0.21701989946258016,0.015058617857682588,0.49550022627404844,0.19110879387798155
0.6896003873909181,0.278329987554655,0.9225523005386146,0.5459839808594388
0.883855565152037,0.8002099528063205,0.3838442909089852,0.7584685559867965
0.40331074148777246,0.45944335875250786,0.23407525785335126,0.4157948039384352
0.3362426280920984,0.9926275134123392,0.36120412682918135,0.6026527838563679
0.14863944745496016,0.10582997166390429,0.30823139919480647,0.18596088217793375
0.12858535447680797,0.12147109335142614,0.2912659105804022,0.14489357179694978
0.8481935820673324,0.18036128468325252,0.3765791448438527,0.4599568108872469
0.30599940512833523,0.8150846687338221,0.4731308256408866,0.5095822242237219
0.5382739862476579,0.574554951309487,0.6120363641089037,0.5836436314391168
0.3966935592044385,0.09120060668789987,0.030899223435362333,0.1958518832187223
0.5776993907062375,0.35032736284757937,0.3189398270998969,0.3986315862522532
0.2253324991481025,0.436991258704739,0.21145226310732246,0.30480301529327386
0.43477379224298773,0.06807614632373038,0.9283190361476982,0.3861096337678505
0.7139401005955489,0.945682191572893,0.9138855763310327,0.8169770584150575
0.7754893722412118,0.4059330836772794,0.2305644209114458,0.5106282273035928
0.03467566279642076,0.07320173976413802,0.39464205517524076,0.10564760295538765
0.5573012239527145,0.6766213321604767,0.2244957035736279,0.5834515093073204
0.8085116251359189,0.35032387688517697,0.8226887302703234,0.6203571141033163
0.8082696697189711,0.07046073316675527,0.9831189776701367,0.5594881690606694
0.784864092020775,0.9374087969520175,0.2512507837762069,0.7669176345938624
0.2648242981179141,0.19153252096320916,0.16101439085751945,0.17375655923431488
0.3698143621547133,0.02522352579662479,0.2546438107075746,0.21462242572627718
0.6943625543817834,0.2049057385624623,0.3593047490681627,0.43938257442583323
0.3844317184335677,0.5730958627508429,0.025197767116654113,0.3831967565947045
0.2312342434905127,0.3484620048659475,0.7931652584885187,0.3818315975763031
0.6277621995832227,0.230569431450811,0.6573198334273473,0.4965984083040341
0.6137881112815439,0.6516749734065518,0.6519474075073672,0.6470135917840067
0.7854355935437117,0.742921167324667,0.14604380678083506,0.6547963254507367
0.4762805342046016,0.8464477871552926,0.06730315566841583,0.5552830838154634
0.783912811735599,0.91931083545489,0.9659471622522663,0.8690856507386919
0.3064847874087149,0.10513356010664632,0.7689455005746765,0.31567391156990504
0.676655898339497,0.4415172433849729,0.7141346578343644,0.5822451475675973
0.14734663861445163,0.7865394988802854,0.6260942497883758,0.4884045172772725
0.6308108550226202,0.5855982946952863,0.8804166366325991,0.6628528213701496
0.6086770330330986,0.41845873382358423,0.7149995451975844,0.570911265249898
0.3640503423769844,0.28747788441104316,0.363199122191012,0.34946478402905806
0.8295296733561914,0.8241718183269979,0.6648311387225634,0.7888366371663262
0.001872828643992075,0.22968524778618626,0.973334650794679,0.29141436657877756
0.49558385879826716,0.31159323099172676,0.18645540795429072,0.31924721555595537
0.802149385684938,0.058402920863419916,0.22607259277223413,0.38408666141886555
0.4174873834158602,0.462637602976948,0.2608479516815726,0.4205325283199833
0.28366952761864284,0.751074383808304,0.6555575304598517,0.5067365799935538
0.5565782178874179,0.7419697734250474,0.41783647064342166,0.5898850020429252
0.10940769135479722,0.1743739695782276,0.5656177043849603,0.25407230770146216
0.5637693869653974,0.6400637628942173,0.8569755954640133,0.6518970654617676
0.6202000496346838,0.09926635632409375,0.9682222087233362,0.4715647708905042
0.3499592624942671,0.6090279131459226,0.6227547988122193,0.5095256992995563
0.49641145533004094,0.07080857050968403,0.3909445877586786,0.26501636149168145
0.7486721472052413,0.9794700297628832,0.6814083490939008,0.7997030121866052
0.07535883033559854,0.8474475499325125,0.9164718601911694,0.5360604273226721
0.11700947725919963,0.49479952851656095,0.18378340177029462,0.289322418654073
0.5117830600257721,0.842850451982859,0.48271266730760043,0.6317792465186097
0.6915485250963996,0.18959915934957694,0.5684769138661858,0.47463397871434
0.07660218046449796,0.9703040192292209,0.48992331794895594,0.5353404708564421
0.6635401631169542,0.7210860732947675,0.2685369974378419,0.6304010741075242
0.5238696145488245,0.4711179180076436,0.9018961236768258,0.5969189727249303
0.48674145241552247,0.7475936020451392,0.5976724565680653,0.6062623425874734
0.46847176488484243,0.9188203251336499,0.7597522104394564,0.6762783319324464
0.11024237021761296,0.4260476781094803,0.9216157716862389,0.3906630530786614
0.06212920479449624,0.040188835301602555,0.6383929937315951,0.17950965947762593
0.06317522772280537,0.8728736471042987,0.9043618469401659,0.5564024457720484
0.28106996769372394,0.2432100857559315,0.35614047986905617,0.2818099047728074
0.6131948033661118,0.4345393334884571,0.7204078578980183,0.5682632930352315
0.630804581552698,0.4442163260439319,0.7246827010791612,0.5925369915315574
0.22249997105583486,0.31517451950280784,0.23302275386208926,0.23649348497924078
0.34341766000411666,0.27697857146947436,0.2105591928663072,0.2869396752491325
0.8201786649321241,0.642285477455269,0.5592623813210671,0.695875598147112
0.43996561165612946,0.9350285213746445,0.23805962091959454,0.602140741615309
0.9677583482557902,0.882218437459817,0.6995730044298458,0.9221864529688852
0.04007006188143736,0.3635212500526448,0.5777202489528321,0.2702976398314828
0.8615986924821485,0.0534483970310381,0.3284846855783281,0.4133885893238121
0.750475837635325,0.5519309103121145,0.41818614833903045,0.5866895987299406
0.33136117808763577,0.07410599135327223,0.5209103347017887,0.27632705511336636
0.5738844274422285,0.8474176108764903,0.5798669408030762,0.6519479880836095
0.5064053869632139,0.7090828412754163,0.5725526608555631,0.5691001075895894
0.16771170519829715,0.9089608117257608,0.438405607662661,0.49372495796363947
0.8774438106212127,0.7724724765080682,0.9735008563482989,0.8610187767525813
0.4393151683495712,0.015325198789990835,0.30826458892777275,0.22111341199251053
0.12201127953528068,0.9341983550370402,0.06777550342908123,0.41361708592575436
0.4260485036277333,0.7552482131915847,0.5419464990978892,0.5608285256225083
0.22863295269599826,0.1636725040756588,0.9667960706987317,0.3444718011405728
0.6686577726224918,0.3328734326401551,0.3016248932907587,0.4528012165378739
0.9436432700967201,0.5114979869230499,0.6936991787306847,0.7199649524939105
0.9736838744257155,0.2057158330583443,0.7508896681202345,0.6081297488633607
0.4886371319649273,0.4638429215291999,0.18287284286928174,0.40763605948498544
0.8805473342463005,0.8105435743891546,0.6802953644291247,0.824705951794452
0.3472467994335118,0.43644261463115364,0.6060742167476006,0.4518109295768362
0.16635455156267764,0.147540187199938,0.17542822315993922,0.18930048537839608
0.320065966431068,0.27037356016435055,0.15941769198620892,0.25311538225724345
0.9398065532321564,0.07709190837160906,0.815718117335425,0.5425897400207556
0.2195956186677097,0.6686381066403648,0.7084405098149111,0.5022427815103857
0.2324508524216815,0.39302982159075806,0.20049657357053108,0.28851406703152355
0.4322313147842751,0.23044294047331948,0.42342681517254255,0.34600500148012475
0.9797422455774547,0.7863945574328578,0.6106943278310116,0.8419280690581776
0.6018390667042399,0.07951946831337875,0.7682055036696848,0.4064123684480055
0.2248761683409537,0.1411072758071179,0.003428938719268526,0.15852023378046773
0.8437476709325699,0.36085103331790236,0.7899642860916939,0.6650204767966729
0.4504488951596918,0.900908242278987,0.3230961810901547,0.5956871858854237
0.7588167984079239,0.09878218275893025,0.5999577290819433,0.469119540532463
0.7075734884668728,0.6002343314710171,0.056519872375570546,0.5396173747070586
0.08316439024392108,0.9230169980049562,0.7318870279738161,0.5632966577717895
0.4483833961605974,0.6201617933753025,0.5518643529352635,0.5613947927298744
0.6851601122568105,0.25919592652013423,0.19188422431376573,0.4161004796925402
0.7628811289386905,0.2913497693252618,0.09896737074080464,0.4238565563591267
0.23492340610377593,0.10075694167606553,0.09421511374751412,0.16212800962813215
0.13625768114026504,0.9708061792527019,0.716346688560766,0.5793662766840477
0.1503448397847601,0.6398834062999834,0.33851392115334034,0.4083540773423354
0.9793617700330116,0.651366236531983,0.194490975715643,0.6760799699110704
0.5033386995068179,0.07655823269553819,0.1389303215478378,0.2650458460105502
0.2977780624577646,0.43628962403913174,0.38765143332943663,0.35917928876070954
0.2874340627952846,0.09925265286603557,0.9313467019122061,0.3534659913125453
0.7652181181788428,0.35358624731813004,0.011737192050128908,0.4408514477005277
0.7286247276166068,0.13798773347235493,0.4602071945273408,0.45563522073095536
0.9256763673857812,0.47363436127765424,0.6220378661676368,0.685379826537257
0.22330984013653632,0.7542433741540506,0.5878041332569884,0.5098276747472446
0.2150824860669558,0.6232024685295346,0.0010900586235322862,0.35334479115176615
0.43909886641298823,0.29553528547514496,0.059731518285489726,0.2931461191952021
0.1728857445239187,0.46190956843772135,0.739199071986381,0.39579611340240234
0.6798794703552418,0.6404174075065802,0.5217572667339038,0.6729845790487061
0.7542893172547326,0.8744310494187427,0.1278145829061449,0.6566362496424618
0.8131417210274381,0.7555875553789044,0.5191966953526423,0.6820788396567689
0.5224588782621309,0.8283905007917528,0.9570578514125402,0.7211758595635848
0.4677682996092075,0.21867691223526542,0.4519164916755115,0.3340475452273192
0.3565838413486947,0.27514744771268607,0.20193667624006684,0.2974600220848895
0.9548866555192034,0.16918052608779255,0.2754882003142908,0.5047721153419739
0.43381037883609674,0.932420328411602,0.9069222704296935,0.7260199079246464
0.841104824843927,0.06525744071836004,0.07563454070681097,0.348306580569349
0.25043058583467004,0.5451269431518815,0.3079084233944275,0.41422635966852367
0.6817905216218324,0.7542283593223977,0.9149144471657855,0.808904623843995
0.9648645996000722,0.6647294459861257,0.9777728299207111,0.8380471401832639
0.8705222415758502,0.7841769627562034,0.8732477184389883,0.8811442072081991
0.20958785836206884,0.4752482239311293,0.39478628645435065,0.32209545194569755
0.3351152680927202,0.8420575248360608,0.5281340235558316,0.5662765387170735
0.40122295912776074,0.9239665186458358,0.28634046612096875,0.5684965679967151
0.2287998904108821,0.8425484771292241,0.76425626249619,0.6111689377321976
0.4091251216971229,0.3267072885958533,0.4262034536233559,0.37935755441754915
0.017181256561757396,0.8302564222929655,0.30114642709516903,0.36436735355930183
0.8569958046322983,0.18204977567682434,0.9923267034096515,0.6234309851831958
0.6775420587826327,0.6180078010594529,0.1306394829892752,0.5460389619688587
0.30746188302017996,0.2595269664630713,0.07240928949723957,0.2568275134573716
0.4044100075577778,0.06095268280362043,0.859764390552195,0.3566126055513659
0.14780873152809892,0.023285071503859278,0.07104651068192136,0.058923508380028675
0.13491522110100762,0.8010225068719363,0.4378571244058832,0.5027586877871298
0.5059339727371863,0.5654093475887473,0.4464773186908594,0.5281569757154747
0.8605067360003701,0.5679437830259025,0.24201449549843734,0.5918020057669634
0.6293229637052191,0.005217922550028509,0.05352586453094854,0.2457745816289819
0.7944814550908936,0.4673385728232379,0.19000115980016874,0.5147224616097648
0.21226588801062218,0.6159045834741341,0.8027487090728842,0.5040825037443238
0.7431941240960637,0.15926554557007466,0.5266581555815819,0.47950791552084815
0.3291820936768898,0.28981470077637905,0.5110466002361703,0.33847024767678197
0.4503150666370823,0.999674897941228,0.6439847246349232,0.6935813972766445
0.5657062830794137,0.7877157644681038,0.221571592066372,0.5782140165608515
0.2519560153828375,0.6056090100613357,0.8495199795599089,0.48261768957501716
0.3134977437806784,0.46374753314251427,0.023539026265620322,0.30798224161837784
0.5642696329823115,0.8600484564231686,0.18673565466223574,0.6334132158198726
0.5528502388360458,0.9313241773650035,0.12968857491501962,0.6172004856184305
0.7602634397462079,0.1396806094102192,0.7730137045307076,0.4946687687909556
0.7557608879776382,0.0600829199796753,0.948414135726744,0.5118403297204966
0.8047763522561924,0.2050002309995138,0.3352123827704776,0.4661237920440321
0.8094000377142886,0.1862382526374763,0.23368725356724718,0.4619045011563151
0.943709218492245,0.018827336538297712,0.37059733513735205,0.4719076451418972
0.07124375350196377,0.28243976860492204,0.20067187246203566,0.2130021510803982
0.4429901524782538,0.6229538485638009,0.21690123643979853,0.4723615150223786
0.9488094476035547,0.9574738264249281,0.6273140593057261,0.9171208659103977
0.28533021985032025,0.6580248924112906,0.611781745260214,0.49319133153275735
0.24700106041647518,0.603370634934123,0.18550501698613786,0.35960954532635414
0.9395081401233362,0.34151385258339917,0.8646691137168867,0.7082667327978512
0.9884861097086007,0.679542757144407,0.11085200222511571,0.6775842781378361
0.7564388058474741,0.2587188366334445,0.0342352588537862,0.41197341498316314
0.708937786922356,0.7129598153074035,0.18195257582882673,0.608253542931106
0.9550779917113251,0.2984684744170929,0.3374701510318727,0.5695881362016468
0.2908489019809849,0.3029267473928614,0.030276090971519287,0.23294231485921077
0.8351170430693855,0.9221489360551847,0.02426503312189865,0.7330682324342709
0.9017133078916985,0.9536214283345421,0.5295379971639912,0.8647191148394204
0.10785170175590619,0.2099624740285856,0.620337821596323,0.2540353038642615
0.6362588499317775,0.5282849593192395,0.20301933640218595,0.5044769429700585
0.7427422814109683,0.45780925209529144,0.5960340482228766,0.6190381390121638
0.11958799942272424,0.6107716307950655,0.20144457319707176,0.31079048433063683
0.8637055040058721,0.6047493713165353,0.3790454383173629,0.6804210356732947
0.3127298275518746,0.6858474300468665,0.9357341215263669,0.6077387144352642
0.2520450142694224,0.9768510578897128,0.8741810599396962,0.6633855335846028
0.10899395898519315,0.3279124617507627,0.647751009845166,0.32185690274760115
0.865215819503308,0.1697677362796789,0.6837789284524297,0.5443562697398321
0.19292096123768154,0.1338986087782822,0.46554137779273597,0.27402354529271755
0.41799166899311224,0.6238128862499115,0.5148605806893137,0.5325332411521293
0.6256349724780885,0.0004273769206388778,0.9340172430729267,0.38624063537204123
0.8933040225158693,0.14756812013151255,0.2747583591726913,0.4530424458105584
0.2199866068950761,0.7178491514549408,0.23454005212642548,0.44182496655076514
0.21988737927736457,0.044888413407924044,0.700465432892542,0.27850564818571877
0.6612123286124637,0.2661665457478033,0.38810457941016585,0.4824481182318952
0.4908651343849948,0.7469788987876734,0.5144892440381532,0.572625308667229
0.6845858885701386,0.6692407001907218,0.4234068259980457,0.6194368422129993
0.36326739970900046,0.3229730132686014,0.5749976560435769,0.3541417709872007
0.2563377088120232,0.045820663245666804,0.6796423578445114,0.2559162805819457
0.8886608216283022,0.2540403691716828,0.12871264633009105,0.47385829830831283
0.28865886736548574,0.9853467446579666,0.5342612157603127,0.6191072349559896
0.7173381598755587,0.4602071354537641,0.16789724310393705,0.5383731180767953
0.5957545534701354,0.30435617574141827,0.8463413904457107,0.5259720744991161
0.6171170742159968,0.4667359116095917,0.23001094331929228,0.47318534909529
0.9398625706896678,0.01526146951335472,0.5318301181152367,0.4868503250095579
0.009797598450751788,0.7699383786728288,0.38089860506862006,0.4039284364546924
0.2633939554669057,0.021550108323822537,0.05881726307301405,0.11177828217614745
0.16113049554789116,0.39565136657885824,0.6275535303348753,0.3513497060058555
0.8779278640474502,0.9826320777731333,0.7952364387166113,0.8621397153608852
0.41443720387541105,0.2652208718379344,0.5720457953511254,0.3771199681380062
0.17435067887906286,0.8353414245342886,0.07364980717765568,0.46256829810793143
0.5543346188873683,0.4612711412731376,0.3715124719725291,0.4869020004861265
0.8228542821625356,0.39607193001570395,0.41021193405323986,0.5723877872363214
0.5482228178966145,0.8854631615040703,0.8495654056502984,0.7482033755502564
0.1648508895455204,0.5447091146580562,0.21256616399520922,0.3247929199772346
0.11160638328280725,0.4465130733939633,0.5122449176562147,0.3362481780983232
0.4419842334907855,0.3747616284292795,0.8852239322664245,0.47198136789770967
0.2671540513935555,0.14495185008577138,0.8183956888507752,0.34731575017162514
0.5514968217276417,0.14632055975012748,0.8372539733532647,0.46724263301041097
0.47726671043242197,0.967941330238441,0.4934414490207556,0.6701256985489246
0.46644528789812667,0.3658213723213505,0.6805697537150159,0.476409524622085
0.7766966260316889,0.4429579763134811,0.6039827642940164,0.6145823561514304
0.8210835115406353,0.6860543910333669,0.2901926117093342,0.6433907508041082
0.910916263539059,0.17695449358640813,0.5921306553639178,0.5582222313778866
0.5280310602447682,0.6437233106206174,0.6773170872497487,0.5830065637245172
0.5482822817550174,0.2557385739051037,0.03245744727285027,0.3339771030564178
0.493372376245495,0.1271393824975423,0.3837734756974652,0.3053353800663787
0.7489725260402157,0.2804895534737657,0.4169104530334271,0.47686055027603114
0.8565478224606338,0.2615534004152812,0.07466322705053108,0.4635278536629959
0.942022378184659,0.06004306081866595,0.8206609354812456,0.5562117754543003
0.42638838360228926,0.19361671077200293,0.2509298708008654,0.2941099357641167
0.28210545141487264,0.32406272164773653,0.18623381584709076,0.27099020521777245
0.9103427899341341,0.3719013478745411,0.07480320040940702,0.544655755248404
0.9418005937930894,0.5501258500360776,0.6885415369850619,0.7131083473034221
0.16165848479401834,0.28301640829047015,0.5943334613479667,0.2656473359007032
0.6531822311861989,0.4699397042760076,0.8962670410175468,0.649310676218973
0.32449243853455134,0.48588811804066856,0.21347726346893026,0.3364985653842431
0.16611446447839207,0.5259725389900056,0.10452228136084152,0.3015865307876177
0.7567053323814681,0.45726442116352106,0.1829048836564784,0.506109022089099
0.002413571232002698,0.2954539741795813,0.39403982306069774,0.16957535236079588
0.5612275039162504,0.6711717580638717,0.310066467024791,0.5433129086274073
0.1515134846673043,0.6535883840094241,0.5112138980701162,0.43213352119782866
0.6322042183620656,0.3309598979784272,0.7744357632356202,0.5763479855104863
0.3225810814958282,0.6157732636601236,0.4687837413761794,0.4787161854564408
0.46675870908000383,0.7919536029186484,0.9384167810329535,0.7097687875340709
0.8750816729569075,0.09076581788485683,0.07256890100317082,0.4103980141451646
0.373195784213459,0.5206542338456359,0.2960549082439037,0.4121707842776587
0.8049605548341072,0.24517467883589772,0.4181427685465452,0.5105086868582771
0.8556484722854361,0.6615102918023731,0.684524090473629,0.7730476795691736
0.20489164095570767,0.9734097962979412,0.06107178028084792,0.4802930297745342
0.16293566188838182,0.3587835450080995,0.8230716311490577,0.3708718047319657
0.09056092911701763,0.14852679460479468,0.013178363003501614,0.09774973906995826
0.1681411517768051,0.05234406626849841,0.6601200407713183,0.18832299512202488
0.086060197793984,0.2887115580598414,0.7957293319624541,0.33181219245422483
0.8995118312690841,0.3660801678085086,0.1452454350920952,0.5460262444407028
0.5963044917753856,0.1333958367773116,0.166704014833011,0.3382146562630999
0.9457828724086947,0.5262447520094927,0.42487264909998257,0.6713049088140849
0.0036027554059617772,0.6046511475455675,0.01876471992975437,0.26478158594340273
0.18138971237189594,0.9149376463527792,0.6653016659516733,0.577451845526001
0.5049279979407225,0.27619543438888505,0.7140268958636233,0.4492037264489189
0.41735775894278304,0.6818322145192471,0.5207862326160669,0.5271696939038353
0.5667344301903279,0.6954515846767398,0.5171271251551047,0.6238618196660031
0.43604223694856103,0.8723784942277216,0.8961572550802873,0.7049828330777863
0.9949781176919427,0.8992012345845751,0.4733715975266227,0.8244683930221233
0.764799669209038,0.5254111026741434,0.05891875542883018,0.5501874194455013
0.13453231060155757,0.39606008215779287,0.15700962910871918,0.25735590891699445
0.6651801741841822,0.272830152670937,0.5756108235462492,0.49758850568055507
0.7943022238278217,0.35180785553847316,0.9625416344443779,0.6576783084276371
0.4724093066650962,0.284949036198635,0.38022199856033645,0.3450066272754206
0.03968335072594675,0.96766188089784,0.40520744994279456,0.4785403606571881
0.21083542616607842,0.5482674836977398,0.9287022226373777,0.48272715086550244
0.035323699748495474,0.30158758138988806,0.6819387449653233,0.3018000217478942
0.1428191315429188,0.511931167682715,0.7048511435923799,0.428951296542
0.6020520498329417,0.4744382256487226,0.9919985747717507,0.6120692797304622
0.39020681997890283,0.33562531435710596,0.18636506351067184,0.30174129475484385
0.512731329329469,0.6375469771215654,0.7829853190145125,0.6338093314489618
0.13150618752983934,0.9621955351106206,0.3720709884969331,0.5113855399233685
0.8238783619855645,0.03865106836629717,0.5707512432491892,0.4730879836733028
0.4770716509258818,0.9307292712957183,0.6506941683880899,0.6828805752532561
0.7799546078493553,0.2324462942126776,0.22569316394753092,0.4172476580090084
0.5913028747371101,0.5955034245846854,0.8644432004561324,0.6209974747057191
0.7550417546193807,0.621171794219443,0.8740490068267146,0.743050950249937
0.054201486741065064,0.6015276780155485,0.8311324709695098,0.41848975033763847
0.1997693415398485,0.35238936519727426,0.5558698353561546,0.33482508188099835
0.5488133593291082,0.9514795399662078,0.27147706457790644,0.6502730363558091
0.3716628706505206,0.6063558761594434,0.8468085153513187,0.5551548587082173
0.9359184201520815,0.321237560989714,0.9128133007979913,0.686247632359562
0.9182944824263352,0.30046155909035677,0.9203046358613184,0.6786336580403957
0.11463369021240755,0.4979835177264669,0.4491040558793624,0.33302401505271756
0.7323296152228712,0.8055830235577264,0.9034777250168214,0.7926386682390028
0.7310676557858286,0.5778243464842733,0.14800546949554327,0.5189454378380584
0.28361282304678037,0.5970734457094988,0.9276439389035417,0.5304512506387145
0.9014992493880744,0.9140462321843028,0.769900530225143,0.8876978695797068
0.3450057701281679,0.28745558335497823,0.3935784337923576,0.3410113895098916
0.1730667129559651,0.04842156414457377,0.30315492076689166,0.13817012508525436
0.3234928828681568,0.21723563088689468,0.6436705844773903,0.36610372761464743
0.7476108657133189,0.40411676047901035,0.3607661580705088,0.5181525392636287
0.09935072309026693,0.29347808358707206,0.05282400476452964,0.14487386767891486
0.33470272774193244,0.8316663581477177,0.05725774992428445,0.48489733018853826
0.3718187301845123,0.4322850838371203,0.3693297448293247,0.39366397804947195
0.7961821122917621,0.20527594781546044,0.874150100483842,0.5795949081150986
0.06327614992526231,0.06874376084140688,0.6406578176716642,0.18825368670009152
0.86619369848771,0.9994099515533379,0.1545234972796744,0.7731567058574846
0.9875028413213974,0.45488954900885437,0.09236083648929283,0.5975594950650869
0.6047035077213816,0.6425349412536823,0.425329984857972,0.5540885201461673
0.4873144694313204,0.5677931899148746,0.9824357322920482,0.649206888049386
0.9941949601870892,0.6963735689617465,0.4327832825498099,0.7580570236514363
0.722789510225346,0.2882091936226636,0.5458839252731349,0.48736728053908146
0.9288367450987884,0.39051270840139785,0.6172560668291186,0.6956801343251683
0.5972765737869719,0.726959228722063,0.277071404692392,0.5658308731459485
0.4533457003983309,0.45129201187490353,0.7710598884492725,0.5148256423793055
0.3724729311358461,0.5840226095509129,0.5725551941109099,0.5263398751804979
0.20552039770679686,0.4209784518765648,0.49344305537865785,0.3394648095926689
0.9020426418224058,0.10100768021226048,0.2352679266097898,0.43022313947097973
0.4442113511644986,0.08898989434046434,0.09360582221607794,0.22838921321852174
0.4074943226945654,0.45989119554050006,0.853535643629272,0.5221855664269136
0.12596669307758057,0.3284428431562826,0.6071838966246142,0.31570051359264006
0.27763493592906996,0.7183133027547235,0.7671571919118899,0.5830208704503003
0.6153484965873249,0.6650895338117067,0.9417611363997678,0.699315151764826
0.6459827490159661,0.8453850076746864,0.22290946748342144,0.6360646730078727
0.12912278983874992,0.8280696813008942,0.20308990537833804,0.45261736678400477
0.14915972676421452,0.6236664058661623,0.8290470433833225,0.4696819048263001
0.31944621774125725,0.3275259001619326,0.6033975427891094,0.382691615572743
0.7874284741749237,0.2563970416446042,0.7771624896259526,0.5615953301540314
0.42443545150258355,0.24579181897404945,0.8091658575230197,0.4327211635456965
0.6821442732145079,0.0986849621990663,0.3598698910585153,0.3917732355308744
0.46109382346188066,0.16173381790213015,0.6349612977855347,0.39013157226369916
0.6290891342998105,0.8856535538884072,0.8364094361483276,0.768167531899164
0.5644584545876403,0.40506708758574494,0.758313184190048,0.5281197310079182
0.3429148368611482,0.6275797656389951,0.2164449953387192,0.40950965583722176
0.12303187111275493,0.7050121613350468,0.08550002848398286,0.3387271592402056
0.9497164551435929,0.647280507214567,0.7824939452374248,0.7787836790614704
0.40223655650683954,0.869033312237417,0.35819914333014935,0.5950123871915102
0.6771105187242242,0.9696558889358761,0.20022993122310895,0.7224964024009706
0.1218314264538003,0.49855695275540657,0.7392327900942689,0.40975388349746594
0.0019606080567188267,0.27898601810973533,0.5576166166168961,0.23530051181210757
0.2937840018537774,0.7613292563932421,0.5020654074368031,0.5357983842103271
0.45219614444752854,0.5996509435670968,0.7246242101425124,0.5924124430987504
0.19482431300905356,0.9108623750049901,0.8608509409487406,0.5912751215859228
0.1566358852740144,0.9200139231520202,0.949982022034513,0.6488051413925381
0.5049636236198358,0.6369562412328192,0.4992987547144504,0.5673767266558145
0.5311240036455446,0.5961662784122849,0.4084405576156157,0.52951907291825
0.9824074695420234,0.2988115066189396,0.0013610520962964445,0.4928385614722291
0.7326387717003465,0.7460956705282521,0.13483060932089097,0.6302931823984098
0.22422765934203026,0.5304344970583333,0.8958556158964059,0.45852922988690753
0.20838776619369326,0.6794279786003415,0.6627736169249803,0.4859875427662681
0.2217988334309844,0.589758989360869,0.13853261098493874,0.35373519408545273
0.08632145551341719,0.7418784097934519,0.07788132299034267,0.36610059441280973
0.2962420601891128,0.22434460697689063,0.8092233846583861,0.3571125999340889
0.39810794943716077,0.5180565519393535,0.9590403293627059,0.5703017051899963
0.32869359030441014,0.7282621312958099,0.058500316402342434,0.42049582536813646
0.5997660095685372,0.8573771882460464,0.7905691401889579,0.755264393986714
0.23938292789409998,0.7560800380175031,0.533870696290878,0.5195188988140532
0.4860975870274611,0.021097537917869835,0.9001981743301936,0.36463086859934174
0.6918402882364972,0.28126883222106336,0.22590724902440784,0.42158171088717084
0.8950482152929778,0.6674915283261337,0.700506007592469,0.7379324356482411
0.4739955116724892,0.3443986892562022,0.9677233136064463,0.49010767687803153
0.6285310232291712,0.8684494784601341,0.8784458008222521,0.7453015825399396
0.23689468155205307,0.22262155275087225,0.5431744745226527,0.29393937100519957
0.7031192335458386,0.2847810737323705,0.7527873556225212,0.5377212984944896
0.8381940328873246,0.9952974152948229,0.7422794186960563,0.8962489993169361
0.11704844249828084,0.8457565467633972,0.80097948682445,0.5399116410189005
0.1509513042957331,0.20749473977721722,0.09071338731639611,0.16013602705697058
0.3924170750337467,0.34898517189343625,0.5250144535323583,0.40917988817549117
0.8702521216933278,0.2846455737312469,0.537786756674227,0.5568168285177972
0.5257834435105673,0.39459041815142226,0.23897311119943898,0.4078513267600916
0.09869129557899914,0.24438725624704716,0.5597642768002322,0.2330695042716877
0.6974989926081102,0.2564066553385378,0.5251550603004173,0.4634714478604915
0.9766887622420162,0.01784516124487079,0.061771223563301,0.3695307673255919
0.9597515988406295,0.9741571163555348,0.4228918639677437,0.8517053478744131
0.062135527867394846,0.14247879063774782,0.29943900004543933,0.17347312769319018
0.46544272248757135,0.937651644494264,0.9628889187579626,0.7594112295656671
0.9967348662669693,0.9551950070897642,0.15945978910606584,0.7880472326812767
0.6758390236941149,0.005260501470045198,0.6157040129683159,0.3794787491201508
0.0985881996858029,0.35072415298563375,0.4539733051978745,0.24203896644565445
0.07448965951413589,0.07866956726274021,0.18966161469777332,0.07914478986553324
0.05176466530342616,0.17285921118354497,0.9477827865282854,0.29962198129863254
0.4001296913007021,0.5169781876290996,0.33150450193903847,0.38816348803816325
0.9837958548994293,0.7231293103879765,0.16842684117218687,0.6874382783655736
0.6579628215260218,0.9722718166231751,0.19691270850850207,0.6925949349950935
0.8537379305383893,0.5890385972936528,0.11789344297005044,0.6151823296412386
0.3000884635294149,0.7171982157379814,0.06635884826028027,0.43828428813972825
0.8017432736686734,0.794503574316995,0.8511391313921567,0.8037463994402958
0.872794349377414,0.9203917056978276,0.3825588716091093,0.7841400548368993
0.14085615719024114,0.30110470011556245,0.2654991803120821,0.22760324476577665
0.7005541879926469,0.10111683432177532,0.08119202407220882,0.3587171015462489
0.7617699551395783,0.2514903560177727,0.17559353794492805,0.45980666281556853
0.9055304905754473,0.7085397587240891,0.16362131282967762,0.6905655311785688
0.8063949454991968,0.10297460396974067,0.67585746315213,0.5068346463570702
0.12794383023815348,0.10197499543160793,0.6407157840604083,0.24512265035885522
0.8526024160319862,0.9470139736283911,0.7390693777202878,0.8929724534924122
0.49702967811432475,0.5044226183002753,0.5018242436289335,0.4914773238405052
0.588432077654574,0.9462597744030233,0.49818930908100534,0.6779243450931198
0.7272147876671937,0.8155348155807797,0.6607051652324059,0.7189952494213634
0.982414320694589,0.26652106887297267,0.4327916686747454,0.6344629329899059
0.29663993369057295,0.6431020690047596,0.2491183062581721,0.40134343074877205
0.0008749619655827878,0.31872213658671944,0.4248029827250326,0.2465667195336639
0.9304233974063308,0.6486493910689483,0.7484456163139566,0.7651642875783347
0.6994338558851133,0.8727891904657882,0.9014648123275582,0.7944778988912601
0.4167600336792189,0.7812269706698244,0.4965477262615795,0.5998169102021287
0.3922924056707998,0.025588458465858444,0.8014116399472592,0.3172516610860443
0.2559757408476875,0.5980439204074799,0.7810203543253421,0.5008118996750132
0.9411886689876252,0.41918554456612855,0.541913750140468,0.6315310699691359
0.3253432278059937,0.30408878045582344,0.5487740016428994,0.33178022378908095
0.2804035224089353,0.4594942314655899,0.5937451760449545,0.44210222171770186
0.8626739890762251,0.3733918173648123,0.8903710326143917,0.6909053337218516
0.8953810639477512,0.6463259658830248,0.6405265654301838,0.7804432356519291
0.31596035908155984,0.7393492210369434,0.5498609049173395,0.5429025231820587
0.6025159436824787,0.32637305538469596,0.7791385921799857,0.5034999991185445
0.35945887742640925,0.8990346657110759,0.2826448553704787,0.570499998832044
0.3191327388553663,0.35122142197862694,0.40185756294730446,0.3299329380097711
0.4546684322994663,0.44109574719584177,0.39938293476606634,0.41234138198281645
0.875946555299639,0.9208376008619689,0.9790891363896673,0.9246389189159936
0.8337008632654369,0.8435709535552772,0.9255082179694942,0.8159739118869378
0.4111422673170432,0.18754250045749443,0.7792232467911349,0.3828370391702829
0.058801113424426066,0.17442876867521662,0.36888732617419784,0.18061656483924005
0.3753466082254171,0.9572689022073431,0.9975671325513427,0.6664011046951367
0.4364759922279742,0.8156884553650311,0.07022638372671619,0.5252558476474561
0.5145529693281622,0.9821993847018988,0.4628165977999066,0.6975588323795352
0.0849465721909376,0.4715391655497969,0.8132922964326801,0.4108197518868002
0.2660416373380071,0.6404739453128288,0.8825376189630251,0.5344883628535121
0.9646371992324944,0.9050168564134359,0.628089592321698,0.8909542470047943
0.32646761716195694,0.689528866356505,0.045756964191562166,0.40512869633519677
0.5043064286484481,0.24889110846750928,0.7133144657825293,0.4763582917580397
0.646720608452042,0.28922031103355816,0.35086717984239424,0.42566191237665174
0.7906320054191112,0.7031083320028108,0.5241038701557493,0.7013208408577952
0.36365279234336945,0.5260453975610878,0.877765681539633,0.5261097036327742
0.9256519825534921,0.5199643820238398,0.7184025660889141,0.7042846003504464
0.33711459955362943,0.4828215476915929,0.15746093982343234,0.3807339126399112
0.39357716856664415,0.767808640057747,0.5733047042425107,0.5478198013085025
0.16270047341468774,0.15484117114866558,0.25452185195947574,0.16465213307856474
0.9285985676280805,0.07362303897423395,0.6950411896797105,0.5364390266571644
0.9781180408453526,0.9285699279659937,0.40031212599946486,0.8727836831390522
0.44326897442924906,0.3923966631151433,0.024094022171892493,0.3611050851334113
0.9533529400770688,0.35628765862218015,0.7902816141135489,0.6943006638975514
0.38972776129367726,0.8558286261125962,0.12886654387628926,0.5603941721821042
0.5689891158213591,0.7215536167730602,0.5888510230703926,0.6161705469565011
0.4138374469953321,0.6798576678564422,0.5852322856645147,0.580954068282206
0.8180332533293155,0.24673846053698523,0.04258896616062857,0.413796179035838
0.9426189916950285,0.5473599215349407,0.605776985585422,0.7567210920124258
0.5254525699081647,0.31494876186070053,0.8097636824897249,0.4987531910305634
0.35552340259008064,0.961930347612281,0.5448278961222219,0.6281452637152531
0.7712070385307007,0.2084842364811843,0.7884009671464401,0.5435298588090369
0.5616335988376678,0.9166286803964507,0.1848992978460542,0.6128215252403134
0.07946014333810891,0.7371337035390775,0.6590408320878768,0.40784578330107774
0.1474242149333288,0.0039371080099610545,0.5608320508299632,0.1814588432556059
0.19290226774344155,0.14547274557047385,0.12232659180305716,0.15942939793893782
0.3446935672563417,0.21452623558056294,0.9999671097915578,0.40433515070665693
0.3274732133113659,0.03105133360320944,0.556337746232291,0.25994553966563005
0.7909945078890055,0.9578935311608178,0.2659554000939841,0.7333892984171483
0.5521280221432708,0.19568945643273405,0.8408514027858611,0.45164762234961264
0.4722977689450387,0.021573540013134718,0.5269542256664963,0.3182403476720277
0.7718863537247072,0.26584334956101996,0.485868577441247,0.5025137730861097
0.32644129325788485,0.2249708588695113,0.9032246579202781,0.4227531658469411
0.4439718088917871,0.22624694174634385,0.6473285730292693,0.4141281487282943
0.7137961682251532,0.8634738973290247,0.970251574573242,0.8091352396314451
0.5191320438586874,0.8533228246449727,0.7481353118539323,0.7210686785590156
0.08275924403378532,0.9021626305226512,0.5984469325863406,0.5173056046332666
0.6991584424469867,0.2548454951565753,0.12491444370325633,0.38895039163608025
0.25596546317616486,0.6530186653015139,0.27650292854847336,0.42626789192172315
0.2096197421488093,0.7862916105413055,0.5133344718645145,0.48988746930382826
0.9775045611269101,0.057467296853905614,0.7269766472678675,0.5590988824602717
0.7194886950844941,0.7008600989656266,0.7856770054902648,0.7517547922228233
0.09395503471389643,0.12506893599273028,0.3894108702749781,0.15124914234681272
0.5879206964977769,0.15258901986764717,0.15318262391678494,0.3252005027116434
0.2596508874817176,0.17588294224613632,0.01882742852826702,0.1897702169207664
0.027781470447394208,0.24138372199735159,0.44304114449640275,0.20414676293112874
0.17157019416922914,0.16663133216301929,0.7079184954726092,0.28830618703659433
0.9703570822572659,0.10308163840838724,0.8531930352045439,0.5533682484834161
0.6865315151775812,0.5650963125270775,0.8476727682711048,0.6700989816558511
0.25023867070160777,0.37052356064431524,0.2511015238681725,0.2967414315613649
0.057567203527163824,0.7909276436328376,0.467869298244762,0.3984960731585847
0.28641123121590206,0.2202114750806199,0.6794167533023692,0.2957202420550408
0.21322243868921853,0.6843687852034456,0.8026447345969743,0.5267373761196451
0.0126348800415228,0.878719656322156,0.05436976649107683,0.37532691988774286
0.7927461643247087,0.6661866784387783,0.2877313040032802,0.6191514211533907
0.4403261521488564,0.550781271351221,0.19521264352375234,0.4599463394629097
0.024557478640225505,0.34967616637830323,0.2172250180555394,0.22872567078869174
0.07817471207191329,0.36781887946346625,0.3687912249419232,0.23685991490122313
0.041771118521189754,0.9858184879409424,0.38284594603278277,0.5039512169777283
0.4390391573725224,0.883781133728858,0.23060590138667314,0.5574718723457015
0.048444511393867296,0.32089455142902124,0.6227940350092672,0.27760622464238105
0.2016132768697282,0.10507105003964234,0.6639045765664878,0.2547225592312752
0.8543432783778092,0.6730142584334052,0.8584453708063418,0.7842911409607395
0.2074915268989147,0.4728135934528732,0.2985285678997559,0.3251678571090159
0.37440843081322384,0.8587077444251667,0.7603092389909853,0.6660763133898258
0.6431881992864273,0.09272781742311409,0.6182642829309494,0.4199848731763454
0.9021353040042337,0.12492131246003202,0.9172747301725731,0.5940192932136944
0.21686893612306946,0.08912606377824606,0.6493482153680123,0.21561249139841357
0.43378238854782947,0.25718676801195517,0.15984823706457363,0.3048871571705981
0.4525762500973688,0.7669284766678939,0.13086843850732544,0.5204207663412953
0.20631324860862432,0.8685671438947659,0.3514185675645388,0.47784906362888546
0.6730710232644617,0.7219618492009828,0.24781244300829497,0.5757480967633251
0.6518831106647613,0.7485449729744801,0.28889567767962854,0.6355612894696128
0.21751512757584324,0.658059779455646,0.45592649337261215,0.44633413003542866
0.9973294102638462,0.20515186506829852,0.6970347613147135,0.6096135435585102
0.7925533528601403,0.1571409474296347,0.31406172328479565,0.4454276514354737
0.7749456957425664,0.05532557560235962,0.42595347948038287,0.4273307775821106
0.2510837517030571,0.48446820254077405,0.36141580485490354,0.3650619960645521
0.6699763147904534,0.41063397508501776,0.2077968897872805,0.49617468704671935
0.5945560265964467,0.7232157903265726,0.38866105180624655,0.6015938721409092
0.24270156814950505,0.7806614316797806,0.9248703724926556,0.5945483503047896
0.3488676895693721,0.27097048228167997,0.6505002248118131,0.40024075413623467
0.32981689483223553,0.09191312467942159,0.12513645033467102,0.19212080630202302
0.9214071005412089,0.6754151880348225,0.2924182319164481,0.6872260639273857
0.014728415062521982,0.30444652096207636,0.18876749841752116,0.15740930188033073
0.5271763678771645,0.8613165165767244,0.16046852134377498,0.6047342613383889
0.3497508268527513,0.8859398643166565,0.31001264401729345,0.5532742566921007
0.18250028245226257,0.8923361266954277,0.34626950796145095,0.5087022246194725
0.8857153290849727,0.6497371456575609,0.4920440947271566,0.7093469714560363
0.5845092348409464,0.15699313415890725,0.866006200355468,0.4728391866964631
0.1988511227044335,0.8717811732336974,0.3871117923567593,0.5130905225721757
0.6525599161397706,0.24063554283407784,0.33840036281328467,0.4159262603355957
0.46312136048771146,0.7349790582360822,0.2627158281809703,0.5571317883384904
0.8043449521190791,0.5658360873956967,0.9541590067582392,0.7395886417169147
0.3424720334378064,0.3344071672158707,0.9823945099836923,0.4499144908636185
0.18848183467072388,0.44914191483624666,0.7444497195658394,0.4026940559934957
0.3901419190621096,0.9128742302789787,0.686987516710617,0.6796096602592324
0.49727985879019376,0.4465636901249027,0.35046506780026654,0.44105792201117416
0.5267267572801335,0.11127039318250864,0.8829867730915975,0.4733352976549743
0.9839585366237227,0.7741998460306009,0.7730900513947693,0.8440023186902634
0.8944892652735839,0.3721803787490032,0.39002736766875146,0.5570542494398538
0.3330708885489254,0.3010083710259386,0.2620262566274346,0.2888332392240835
0.031925838437954934,0.5674778817586292,0.09560739380784888,0.2998931211048245
0.23593621854511782,0.3858948463617149,0.058586666337225646,0.24697481186100556
0.15792582873275274,0.654239037984768,0.14767145525649206,0.381838556633548
0.2064888467457906,0.2488700826910537,0.29010226450434684,0.2387066473342461
0.16388588778012458,0.6061694683198012,0.632447293571207,0.44686982266687875
0.16139270209775636,0.6310128388585625,0.7182813060504825,0.460495086613523
0.4316898035230803,0.9936836177767623,0.856365179616469,0.7559373490087377
0.17200413623651067,0.45765924397950375,0.8159993525631947,0.4248087828443582
0.3266275548868901,0.4479530089234456,0.7771456044243757,0.49614411150983573
0.467063178154026,0.17859491292841667,0.8461311347363782,0.4131835531480991
0.08157332951043128,0.0909493840044211,0.7713637006629012,0.21010557811902503
0.9788957499809334,0.5582427617144334,0.8538011563295174,0.7771003770814267
0.46050713592144754,0.23705205645940886,0.07052783074100621,0.30563996190455783
0.13155950554315365,0.6627732330464303,0.1404521826550058,0.3247460086848543
0.8130441209207202,0.49831769738630705,0.36818000561821707,0.6227293561360121
0.6087820062119825,0.3652894653043932,0.9699741991609797,0.5920432920458483
0.17141408783708434,0.8464999861280992,0.8306025960579333,0.547917415782777
0.3400091427598554,0.7400893538645638,0.5294633783991389,0.49787732681442304
0.5349311242027227,0.5158300958523516,0.2703889106805365,0.5024497670123865
0.353868765848121,0.9204177108618293,0.4769271343931397,0.6156224054826046
0.14713288394618163,0.796309378048357,0.07099285669317712,0.4200540536315943
0.9145234346277394,0.5030278626091305,0.1871875097511253,0.6306320537414152
0.43601372809877714,0.21871435733311773,0.17700710342322523,0.2564189454182682
0.2080303934757446,0.7780200534148745,0.15036294502816938,0.4154281395959137
0.2727259295210033,0.4828862002774573,0.4702603258390906,0.3803591384759049
0.843757360750558,0.5243849632333611,0.1369480221764251,0.6024783925641264
0.17431017873452603,0.3796314488807161,0.942512614844985,0.4147150932154907
0.46340477223880794,0.8361843226162101,0.9607825416822686,0.7140196520551367
0.11529694496436815,0.005753247600712719,0.9663134279179957,0.2236897183905507
0.978191544074599,0.8516736546022982,0.5846093639253713,0.8423497085619943
0.5425390642293202,0.7624649599629033,0.9234399393845433,0.6914071106412332
0.3944100975845335,0.45815120854598923,0.4956681200759486,0.4564888107016388
0.22208908060501686,0.03406094446600927,0.6589833337368833,0.23111924859490152
0.2447034522490814,0.4532609128457836,0.6241597820815383,0.4186318164586196
0.8125961732093759,0.49546998989040436,0.3332458665840673,0.6074888921884305
0.6272561958852915,0.5502422533719136,0.8887278791274643,0.6354175512295263
0.5837761541228418,0.6126515288994304,0.08604002651790832,0.4875859103879038
0.21763337973598285,0.6802487247093113,0.4942874128914774,0.4408731111655098
0.41465409684865717,0.7262571278303043,0.14997403499352557,0.49922162848792756
0.16849969189464853,0.12708594618574076,0.04480443185130911,0.10919503636416136
0.014974184200913343,0.5892093444810876,0.1722273566467104,0.2798313822926263
0.021131846227184004,0.37661656004776967,0.8579180258819132,0.3497717115844747
0.23227959076427496,0.09002071407691359,0.544582328064178,0.22401425236992087
0.15081921244993346,0.48913051665204654,0.04364035138086808,0.2637221077400057
0.994929604191145,0.13840065229860843,0.6051270872181115,0.5637996342049172
0.3333037264505331,0.38789357485936804,0.2972589910361544,0.35684550297738626
0.6129595122623616,0.8013939766224216,0.39089387349694027,0.6331062309557216
0.5740321321737925,0.15312058532305706,0.9795648860187086,0.5148528951215736
0.7510752273358617,0.3629877536076809,0.6788556971243541,0.591781998764482
0.2170998943305582,0.07419091501084518,0.7204661741630632,0.2250351033615772
0.0863486563365351,0.6460814118344367,0.04419020196774315,0.2869549071008959
0.3229827410262408,0.39461645457279093,0.7624834079026849,0.4399327464517835
0.10285007595168738,0.03459800750556097,0.1391214475843513,0.09167341494411035
0.27262162459749595,0.21338602199596823,0.4841448426449294,0.32164887590302876
0.7988833842053022,0.601216554844518,0.9552318496298148,0.7650952661033985
0.4886707270924767,0.11229499232757201,0.700912532073118,0.4089838984941966
0.5701493091557682,0.4014804079575438,0.0181396605211398,0.3963689596053402
0.1269356027503883,0.9361330188314275,0.03097023297505508,0.45432743286753047
0.10392763041075037,0.45677788843300227,0.3182892386519688,0.24595550384692594
0.13988614657932663,0.6474819896165337,0.8011974248904463,0.46043763460212733
0.06284829494982591,0.5649102477414764,0.28241622447987924,0.306051039216424
0.20798226459098024,0.02362908542655917,0.15488871941995408,0.1384264727050277
0.04942438266597937,0.8593977244295402,0.5519254812806808,0.4866141571843232
0.1288905942473323,0.18399743088482856,0.6067639339104948,0.28699574460744653
0.06795666740527173,0.1094383893665859,0.359649949982768,0.11895962762938288
0.8586412709024246,0.4118803363860529,0.07234067109752129,0.539281724969877
0.39225336479410355,0.09332629358749789,0.21205199737619995,0.232861252433526
0.4375257310158066,0.44284923649244035,0.31287123686875795,0.42280650427712746
0.033277790639065885,0.8656734927673672,0.1530192976395892,0.38035940092333614
0.2948260123818308,0.45344467678634137,0.14914275353189588,0.34271125649396667
0.8559426877835118,0.02861036393695371,0.9922449418067776,0.5514710205386902
0.7920353737621982,0.16024860945083708,0.3525717319395002,0.44783112244933676
0.8757024691630495,0.12846590800746216,0.13842683924689947,0.4355600603216964
0.29215125629193983,0.028606356049583392,0.27592835867535204,0.16666266400401278
0.49205806743722424,0.7157263201615132,0.2853448688971213,0.5389233697353585
0.7722786872690619,0.271712374747746,0.5372710796308291,0.557205673856461
0.12221841658962418,0.7760500696142874,0.09830100006441411,0.3474288981466547
0.15954320533081923,0.2756515723153403,0.14104961596080112,0.20576495795466085
0.765903517746548,0.28458724267536095,0.6491490332541622,0.5562512966685098
0.8724689053435373,0.32392936954506035,0.8584790882939026,0.6366440561322938
0.2007548959563661,0.986024427746011,0.5699000565394525,0.5899872777206351
0.21677903664984632,0.7308793853256483,0.44479114354509897,0.438201249521947
0.9925476133766044,0.15162259040121207,0.9807737382258812,0.6647069963132571
0.9223086519472858,0.966297251857404,0.581603520958076,0.8693110408180897
0.3693502861180368,0.6750374431899019,0.7295914895092838,0.5821915909463209
0.7663444881195998,0.9178258053717528,0.9760840876222939,0.8917946525929272
0.021452652925207816,0.02411477070103063,0.5222985624807253,0.12539288511992697
0.5309190953206167,0.05698693955704648,0.9681435944884456,0.393542150683593
0.3591884818979306,0.8746528248384808,0.12680668128923323,0.5342098387722976
0.12212679650727554,0.8005114898828087,0.17354721661836547,0.3734763967499253
0.545184324433926,0.054029663626409374,0.09457867543117426,0.25128060410511144
0.5513000151379757,0.2719301980231327,0.5134183400154089,0.45913439218730556
0.36477967100818987,0.34475580954665974,0.8754748703623416,0.47985802484038725
0.8619188669686928,0.7825114513518815,0.19827214839340612,0.7191632455623322
0.42486169231846815,0.038536409708386676,0.586240241612229,0.2921926339216415
0.08724471784613597,0.8674007185087325,0.992682329011419,0.5874905961202143
0.17102747763263693,0.6124673277989162,0.8642426012613935,0.44921016665578106
0.4788058572031848,0.6243570740905374,0.524400304933697,0.5778889710142523
0.30423105591798116,0.9950722384954107,0.15371594686415557,0.5251049933315284
0.23356480967014737,0.05493941390903323,0.33054009917961236,0.14746154571991935
0.4627431037941263,0.907464002648271,0.8295296011338947,0.7061049293669762
0.3332554792124667,0.41637042969519067,0.48727477776890027,0.3878130418144577
0.6002363086649766,0.6927597512552646,0.29113978324045875,0.5732524404910223
0.7109587799956377,0.8873183383193379,0.538469238072219,0.7832719775005624
0.7787836841712155,0.6544937677383083,0.2318509225874309,0.6093383423982848
0.20444073645709349,0.16448811675427777,0.15918552832825583,0.18322383603048795
0.630711509395577,0.46993692234371043,0.8407584164097599,0.6092511324356905
0.5115408932329284,0.18102203198591194,0.960118847567742,0.4842889001328033
0.11986721005670997,0.906364940379387,0.10136850509814943,0.4616797259697103
0.5245334670436306,0.5651323173657937,0.2399453758602167,0.4665885493735919
0.7256199141518846,0.03898264841634358,0.8439852535030448,0.42917662514491034
0.5302283497308804,0.660219589050754,0.2842374943546313,0.5565773223654731
0.0167992174617424,0.683976835281524,0.11814240862568282,0.2996777582960973
0.6426677751980666,0.5314729877388277,0.689669844098329,0.620440472035991
0.31958224250049316,0.9814206588181922,0.581169509545504,0.6280341223030034
0.10092529856859667,0.17105641317717157,0.753235609747995,0.2582820223597913
0.9753905202272948,0.02210720690966561,0.7568496438980269,0.5596328063296254
0.8271018887091446,0.9294345452868673,0.5252005361059312,0.8044232244448154
0.8473627778001258,0.5286645774053711,0.3473558823698606,0.629554949011663
0.6170403583562104,0.16418738287012913,0.04835192439959202,0.2853821455045151
0.6224630151998664,0.4012233678262419,0.8581828065267743,0.5807675558927601
0.044063592238575144,0.2404791292544085,0.6381623780936879,0.21896995195341964
0.7299701325887423,0.15268703898194402,0.5236451582992137,0.43805911877141357
